id;nom;email;password
1;vers partout ah;Adrastee.Garcia74@hotmail.fr;jeune
2;gestionnaire corps enseignant;Scholastique86@yahoo.fr;sincère hirsute ouin
3;coin-coin moderne ouille;Agilbert46@gmail.com;ici bzzz
4;adversaire;Eva.Robin@gmail.com;lorsque plouf
5;bof cesser secouer;Yvonne.Robin@hotmail.fr;délectable quant à bien que
6;lors sortir hi;Nine_Caron@yahoo.fr;vorace
7;ouin;Henriette_Guyot@hotmail.fr;serviable réparer splendide
8;tant que trop;Maugis63@hotmail.fr;snif
9;grandir à travers;Eleonore86@gmail.com;énergique
10;tic-tac aboutir équipe;Francia_Blanc44@gmail.com;coac coac diriger aïe
